{
  "variants": {
    "facing=east,half=bottom,shape=straight":  { "model": "rainbowcraft:rainbowstair" },
    "facing=west,half=bottom,shape=straight":  { "model": "rainbowcraft:rainbowstair", "y": 180, "uvlock": true },
    "facing=south,half=bottom,shape=straight": { "model": "rainbowcraft:rainbowstair", "y": 90, "uvlock": true },
    "facing=north,half=bottom,shape=straight": { "model": "rainbowcraft:rainbowstair", "y": 270, "uvlock": true },
    "facing=east,half=top,shape=straight":  { "model": "rainbowcraft:rainbowstair", "x": 180, "uvlock": true },
    "facing=west,half=top,shape=straight":  { "model": "rainbowcraft:rainbowstair", "x": 180, "y": 180, "uvlock": true },
    "facing=south,half=top,shape=straight": { "model": "rainbowcraft:rainbowstair", "x": 180, "y": 90, "uvlock": true },
    "facing=north,half=top,shape=straight": { "model": "rainbowcraft:rainbowstair", "x": 180, "y": 270, "uvlock": true }
  }
}